,order_names,times,colors
0,o1,12,#a6cee3
1,o2,12,#a6cee3
2,o5,18,#a6cee3
3,o3,18,#a6cee3
4,o6,18,#a6cee3
5,o4,18,#a6cee3
6,o1,18,#a6cee3
7,o2,18,#a6cee3
8,o5,24,#a6cee3
9,o3,24,#a6cee3
10,o8,24,#a6cee3
11,o6,24,#a6cee3
12,o4,24,#a6cee3
13,o1,24,#a6cee3
14,o2,24,#a6cee3
15,o7,24,#a6cee3
16,o5,30,#a6cee3
17,o3,30,#a6cee3
18,o8,30,#a6cee3
19,o6,30,#a6cee3
20,o4,30,#a6cee3
21,o1,30,#a6cee3
22,o2,30,#a6cee3
23,o7,30,#a6cee3
24,o5,36,#a6cee3
25,o3,36,#a6cee3
26,o8,36,#a6cee3
27,o6,36,#a6cee3
28,o4,36,#a6cee3
29,o1,36,#a6cee3
30,o2,36,#a6cee3
31,o7,36,#a6cee3
32,o9,36,#a6cee3
33,o5,42,#a6cee3
34,o3,42,#a6cee3
35,o11,42,#a6cee3
36,o8,42,#a6cee3
37,o6,42,#a6cee3
38,o7,42,#a6cee3
39,o9,42,#a6cee3
40,o12,48,#a6cee3
41,o15,48,#a6cee3
42,o11,48,#a6cee3
43,o8,48,#a6cee3
44,o6,48,#a6cee3
45,o7,48,#a6cee3
46,o9,48,#a6cee3
47,o14,48,#a6cee3
48,o13,48,#a6cee3
49,o12,54,#a6cee3
50,o15,54,#a6cee3
51,o11,54,#a6cee3
52,o8,54,#a6cee3
53,o9,54,#a6cee3
54,o16,54,#a6cee3
55,o14,54,#a6cee3
56,o13,54,#a6cee3
57,o12,60,#a6cee3
58,o15,60,#a6cee3
59,o11,60,#a6cee3
60,o9,60,#a6cee3
61,o16,60,#a6cee3
62,o14,60,#a6cee3
63,o17,60,#a6cee3
64,o13,60,#a6cee3
65,o12,66,#a6cee3
66,o15,66,#a6cee3
67,o11,66,#a6cee3
68,o9,66,#a6cee3
69,o16,66,#a6cee3
70,o14,66,#a6cee3
71,o17,66,#a6cee3
72,o13,66,#a6cee3
73,o10,72,#a6cee3
74,o12,72,#a6cee3
75,o15,72,#a6cee3
76,o11,72,#a6cee3
77,o16,72,#a6cee3
78,o14,72,#a6cee3
79,o17,72,#a6cee3
80,o13,72,#a6cee3
81,o10,78,#a6cee3
82,o12,78,#a6cee3
83,o15,78,#a6cee3
84,o11,78,#a6cee3
85,o19,78,#a6cee3
86,o16,78,#a6cee3
87,o14,78,#a6cee3
88,o17,78,#a6cee3
89,o18,78,#a6cee3
90,o13,78,#a6cee3
91,o10,84,#a6cee3
92,o12,84,#a6cee3
93,o15,84,#a6cee3
94,o11,84,#a6cee3
95,o21,84,#a6cee3
96,o19,84,#a6cee3
97,o16,84,#a6cee3
98,o14,84,#a6cee3
99,o17,84,#a6cee3
100,o18,84,#a6cee3
101,o13,84,#a6cee3
102,o23,90,#a6cee3
103,o10,90,#a6cee3
104,o12,90,#a6cee3
105,o11,90,#a6cee3
106,o21,90,#a6cee3
107,o22,90,#a6cee3
108,o19,90,#a6cee3
109,o16,90,#a6cee3
110,o14,90,#a6cee3
111,o17,90,#a6cee3
112,o18,90,#a6cee3
113,o13,90,#a6cee3
114,o23,96,#a6cee3
115,o10,96,#a6cee3
116,o27,96,#a6cee3
117,o26,96,#a6cee3
118,o28,96,#a6cee3
119,o24,96,#a6cee3
120,o21,96,#a6cee3
121,o22,96,#a6cee3
122,o19,96,#a6cee3
123,o16,96,#a6cee3
124,o25,96,#a6cee3
125,o17,96,#a6cee3
126,o18,96,#a6cee3
127,o23,102,#a6cee3
128,o10,102,#a6cee3
129,o27,102,#a6cee3
130,o26,102,#a6cee3
131,o28,102,#a6cee3
132,o24,102,#a6cee3
133,o21,102,#a6cee3
134,o22,102,#a6cee3
135,o19,102,#a6cee3
136,o25,102,#a6cee3
137,o29,102,#a6cee3
138,o18,102,#a6cee3
139,o23,108,#a6cee3
140,o10,108,#a6cee3
141,o27,108,#a6cee3
142,o20,108,#a6cee3
143,o26,108,#a6cee3
144,o28,108,#a6cee3
145,o24,108,#a6cee3
146,o21,108,#a6cee3
147,o22,108,#a6cee3
148,o19,108,#a6cee3
149,o25,108,#a6cee3
150,o29,108,#a6cee3
151,o23,114,#a6cee3
152,o10,114,#a6cee3
153,o27,114,#a6cee3
154,o20,114,#a6cee3
155,o26,114,#a6cee3
156,o28,114,#a6cee3
157,o24,114,#a6cee3
158,o21,114,#a6cee3
159,o22,114,#a6cee3
160,o25,114,#a6cee3
161,o29,114,#a6cee3
162,o23,120,#a6cee3
163,o32,120,#a6cee3
164,o31,120,#a6cee3
165,o10,120,#a6cee3
166,o27,120,#a6cee3
167,o20,120,#a6cee3
168,o26,120,#a6cee3
169,o28,120,#a6cee3
170,o24,120,#a6cee3
171,o21,120,#a6cee3
172,o22,120,#a6cee3
173,o25,120,#a6cee3
174,o29,120,#a6cee3
175,o23,126,#a6cee3
176,o32,126,#a6cee3
177,o31,126,#a6cee3
178,o10,126,#a6cee3
179,o27,126,#a6cee3
180,o20,126,#a6cee3
181,o26,126,#a6cee3
182,o28,126,#a6cee3
183,o24,126,#a6cee3
184,o21,126,#a6cee3
185,o22,126,#a6cee3
186,o33,126,#a6cee3
187,o34,126,#a6cee3
188,o25,126,#a6cee3
189,o29,126,#a6cee3
190,o32,132,#a6cee3
191,o31,132,#a6cee3
192,o10,132,#a6cee3
193,o27,132,#a6cee3
194,o20,132,#a6cee3
195,o26,132,#a6cee3
196,o28,132,#a6cee3
197,o24,132,#a6cee3
198,o22,132,#a6cee3
199,o33,132,#a6cee3
200,o34,132,#a6cee3
201,o37,132,#a6cee3
202,o25,132,#a6cee3
203,o29,132,#a6cee3
204,o35,132,#a6cee3
205,o32,138,#a6cee3
206,o31,138,#a6cee3
207,o10,138,#a6cee3
208,o27,138,#a6cee3
209,o20,138,#a6cee3
210,o26,138,#a6cee3
211,o28,138,#a6cee3
212,o33,138,#a6cee3
213,o34,138,#a6cee3
214,o37,138,#a6cee3
215,o25,138,#a6cee3
216,o29,138,#a6cee3
217,o35,138,#a6cee3
218,o36,138,#a6cee3
219,o32,144,#a6cee3
220,o30,144,#a6cee3
221,o31,144,#a6cee3
222,o10,144,#a6cee3
223,o20,144,#a6cee3
224,o33,144,#a6cee3
225,o34,144,#a6cee3
226,o37,144,#a6cee3
227,o29,144,#a6cee3
228,o35,144,#a6cee3
229,o36,144,#a6cee3
230,o32,150,#a6cee3
231,o30,150,#a6cee3
232,o31,150,#a6cee3
233,o10,150,#a6cee3
234,o20,150,#a6cee3
235,o33,150,#a6cee3
236,o34,150,#a6cee3
237,o37,150,#a6cee3
238,o35,150,#a6cee3
239,o36,150,#a6cee3
240,o32,156,#a6cee3
241,o30,156,#a6cee3
242,o31,156,#a6cee3
243,o10,156,#a6cee3
244,o39,156,#a6cee3
245,o20,156,#a6cee3
246,o38,156,#a6cee3
247,o33,156,#a6cee3
248,o34,156,#a6cee3
249,o37,156,#a6cee3
250,o35,156,#a6cee3
251,o36,156,#a6cee3
252,o30,162,#a6cee3
253,o31,162,#a6cee3
254,o10,162,#a6cee3
255,o39,162,#a6cee3
256,o20,162,#a6cee3
257,o38,162,#a6cee3
258,o33,162,#a6cee3
259,o34,162,#a6cee3
260,o37,162,#a6cee3
261,o41,162,#a6cee3
262,o35,162,#a6cee3
263,o36,162,#a6cee3
264,o30,168,#a6cee3
265,o31,168,#a6cee3
266,o10,168,#a6cee3
267,o39,168,#a6cee3
268,o20,168,#a6cee3
269,o38,168,#a6cee3
270,o43,168,#a6cee3
271,o42,168,#a6cee3
272,o45,168,#a6cee3
273,o37,168,#a6cee3
274,o41,168,#a6cee3
275,o35,168,#a6cee3
276,o44,168,#a6cee3
277,o30,174,#a6cee3
278,o47,174,#a6cee3
279,o39,174,#a6cee3
280,o20,174,#a6cee3
281,o38,174,#a6cee3
282,o43,174,#a6cee3
283,o42,174,#a6cee3
284,o45,174,#a6cee3
285,o41,174,#a6cee3
286,o46,174,#a6cee3
287,o44,174,#a6cee3
288,o48,180,#a6cee3
289,o30,180,#a6cee3
290,o47,180,#a6cee3
291,o39,180,#a6cee3
292,o20,180,#a6cee3
293,o38,180,#a6cee3
294,o43,180,#a6cee3
295,o42,180,#a6cee3
296,o45,180,#a6cee3
297,o41,180,#a6cee3
298,o46,180,#a6cee3
299,o44,180,#a6cee3
300,o48,186,#a6cee3
301,o30,186,#a6cee3
302,o47,186,#a6cee3
303,o20,186,#a6cee3
304,o40,186,#a6cee3
305,o43,186,#a6cee3
306,o42,186,#a6cee3
307,o45,186,#a6cee3
308,o41,186,#a6cee3
309,o46,186,#a6cee3
310,o44,186,#a6cee3
311,o48,192,#a6cee3
312,o30,192,#a6cee3
313,o47,192,#a6cee3
314,o20,192,#a6cee3
315,o40,192,#a6cee3
316,o51,192,#a6cee3
317,o43,192,#a6cee3
318,o42,192,#a6cee3
319,o45,192,#a6cee3
320,o41,192,#a6cee3
321,o46,192,#a6cee3
322,o44,192,#a6cee3
323,o48,198,#a6cee3
324,o30,198,#a6cee3
325,o47,198,#a6cee3
326,o49,198,#a6cee3
327,o20,198,#a6cee3
328,o40,198,#a6cee3
329,o51,198,#a6cee3
330,o43,198,#a6cee3
331,o42,198,#a6cee3
332,o45,198,#a6cee3
333,o52,198,#a6cee3
334,o41,198,#a6cee3
335,o46,198,#a6cee3
336,o44,198,#a6cee3
337,o48,204,#a6cee3
338,o30,204,#a6cee3
339,o47,204,#a6cee3
340,o49,204,#a6cee3
341,o20,204,#a6cee3
342,o40,204,#a6cee3
343,o51,204,#a6cee3
344,o43,204,#a6cee3
345,o54,204,#a6cee3
346,o42,204,#a6cee3
347,o53,204,#a6cee3
348,o45,204,#a6cee3
349,o52,204,#a6cee3
350,o41,204,#a6cee3
351,o46,204,#a6cee3
352,o55,204,#a6cee3
353,o44,204,#a6cee3
354,o48,210,#a6cee3
355,o30,210,#a6cee3
356,o47,210,#a6cee3
357,o49,210,#a6cee3
358,o20,210,#a6cee3
359,o40,210,#a6cee3
360,o51,210,#a6cee3
361,o43,210,#a6cee3
362,o54,210,#a6cee3
363,o53,210,#a6cee3
364,o45,210,#a6cee3
365,o52,210,#a6cee3
366,o41,210,#a6cee3
367,o55,210,#a6cee3
368,o56,210,#a6cee3
369,o44,210,#a6cee3
370,o50,216,#a6cee3
371,o48,216,#a6cee3
372,o30,216,#a6cee3
373,o47,216,#a6cee3
374,o49,216,#a6cee3
375,o20,216,#a6cee3
376,o40,216,#a6cee3
377,o51,216,#a6cee3
378,o54,216,#a6cee3
379,o53,216,#a6cee3
380,o52,216,#a6cee3
381,o55,216,#a6cee3
382,o56,216,#a6cee3
383,o44,216,#a6cee3
384,o50,222,#a6cee3
385,o48,222,#a6cee3
386,o30,222,#a6cee3
387,o47,222,#a6cee3
388,o49,222,#a6cee3
389,o20,222,#a6cee3
390,o40,222,#a6cee3
391,o51,222,#a6cee3
392,o54,222,#a6cee3
393,o53,222,#a6cee3
394,o52,222,#a6cee3
395,o55,222,#a6cee3
396,o56,222,#a6cee3
397,o44,222,#a6cee3
398,o50,228,#a6cee3
399,o48,228,#a6cee3
400,o30,228,#a6cee3
401,o47,228,#a6cee3
402,o58,228,#a6cee3
403,o20,228,#a6cee3
404,o59,228,#a6cee3
405,o40,228,#a6cee3
406,o51,228,#a6cee3
407,o54,228,#a6cee3
408,o57,228,#a6cee3
409,o53,228,#a6cee3
410,o52,228,#a6cee3
411,o55,228,#a6cee3
412,o56,228,#a6cee3
413,o50,234,#a6cee3
414,o48,234,#a6cee3
415,o30,234,#a6cee3
416,o58,234,#a6cee3
417,o20,234,#a6cee3
418,o59,234,#a6cee3
419,o40,234,#a6cee3
420,o51,234,#a6cee3
421,o61,234,#a6cee3
422,o54,234,#a6cee3
423,o57,234,#a6cee3
424,o53,234,#a6cee3
425,o52,234,#a6cee3
426,o55,234,#a6cee3
427,o56,234,#a6cee3
428,o50,240,#a6cee3
429,o48,240,#a6cee3
430,o30,240,#a6cee3
431,o58,240,#a6cee3
432,o62,240,#a6cee3
433,o59,240,#a6cee3
434,o40,240,#a6cee3
435,o51,240,#a6cee3
436,o61,240,#a6cee3
437,o54,240,#a6cee3
438,o57,240,#a6cee3
439,o64,240,#a6cee3
440,o53,240,#a6cee3
441,o63,240,#a6cee3
442,o52,240,#a6cee3
443,o55,240,#a6cee3
444,o56,240,#a6cee3
445,o50,246,#a6cee3
446,o58,246,#a6cee3
447,o62,246,#a6cee3
448,o66,246,#a6cee3
449,o59,246,#a6cee3
450,o40,246,#a6cee3
451,o51,246,#a6cee3
452,o61,246,#a6cee3
453,o65,246,#a6cee3
454,o54,246,#a6cee3
455,o57,246,#a6cee3
456,o64,246,#a6cee3
457,o63,246,#a6cee3
458,o52,246,#a6cee3
459,o55,246,#a6cee3
460,o56,246,#a6cee3
461,o50,252,#a6cee3
462,o67,252,#a6cee3
463,o58,252,#a6cee3
464,o62,252,#a6cee3
465,o66,252,#a6cee3
466,o68,252,#a6cee3
467,o59,252,#a6cee3
468,o40,252,#a6cee3
469,o61,252,#a6cee3
470,o65,252,#a6cee3
471,o57,252,#a6cee3
472,o64,252,#a6cee3
473,o63,252,#a6cee3
474,o52,252,#a6cee3
475,o50,258,#a6cee3
476,o67,258,#a6cee3
477,o62,258,#a6cee3
478,o66,258,#a6cee3
479,o68,258,#a6cee3
480,o60,258,#a6cee3
481,o59,258,#a6cee3
482,o40,258,#a6cee3
483,o61,258,#a6cee3
484,o65,258,#a6cee3
485,o69,258,#a6cee3
486,o57,258,#a6cee3
487,o64,258,#a6cee3
488,o63,258,#a6cee3
489,o52,258,#a6cee3
490,o50,264,#a6cee3
491,o67,264,#a6cee3
492,o62,264,#a6cee3
493,o66,264,#a6cee3
494,o68,264,#a6cee3
495,o60,264,#a6cee3
496,o40,264,#a6cee3
497,o61,264,#a6cee3
498,o65,264,#a6cee3
499,o69,264,#a6cee3
500,o64,264,#a6cee3
501,o63,264,#a6cee3
502,o52,264,#a6cee3
503,o50,270,#a6cee3
504,o67,270,#a6cee3
505,o62,270,#a6cee3
506,o66,270,#a6cee3
507,o68,270,#a6cee3
508,o60,270,#a6cee3
509,o40,270,#a6cee3
510,o61,270,#a6cee3
511,o65,270,#a6cee3
512,o69,270,#a6cee3
513,o64,270,#a6cee3
514,o71,270,#a6cee3
515,o63,270,#a6cee3
516,o72,270,#a6cee3
517,o52,270,#a6cee3
518,o73,270,#a6cee3
519,o50,276,#a6cee3
520,o75,276,#a6cee3
521,o67,276,#a6cee3
522,o62,276,#a6cee3
523,o66,276,#a6cee3
524,o68,276,#a6cee3
525,o60,276,#a6cee3
526,o40,276,#a6cee3
527,o61,276,#a6cee3
528,o65,276,#a6cee3
529,o69,276,#a6cee3
530,o64,276,#a6cee3
531,o74,276,#a6cee3
532,o71,276,#a6cee3
533,o63,276,#a6cee3
534,o72,276,#a6cee3
535,o52,276,#a6cee3
536,o73,276,#a6cee3
537,o50,282,#a6cee3
538,o75,282,#a6cee3
539,o67,282,#a6cee3
540,o66,282,#a6cee3
541,o68,282,#a6cee3
542,o60,282,#a6cee3
543,o40,282,#a6cee3
544,o77,282,#a6cee3
545,o65,282,#a6cee3
546,o69,282,#a6cee3
547,o64,282,#a6cee3
548,o74,282,#a6cee3
549,o71,282,#a6cee3
550,o63,282,#a6cee3
551,o72,282,#a6cee3
552,o52,282,#a6cee3
553,o73,282,#a6cee3
554,o76,282,#a6cee3
555,o50,288,#a6cee3
556,o75,288,#a6cee3
557,o67,288,#a6cee3
558,o66,288,#a6cee3
559,o68,288,#a6cee3
560,o60,288,#a6cee3
561,o40,288,#a6cee3
562,o77,288,#a6cee3
563,o65,288,#a6cee3
564,o69,288,#a6cee3
565,o74,288,#a6cee3
566,o71,288,#a6cee3
567,o63,288,#a6cee3
568,o72,288,#a6cee3
569,o52,288,#a6cee3
570,o73,288,#a6cee3
571,o70,288,#a6cee3
572,o76,288,#a6cee3
573,o50,294,#a6cee3
574,o75,294,#a6cee3
575,o67,294,#a6cee3
576,o60,294,#a6cee3
577,o40,294,#a6cee3
578,o77,294,#a6cee3
579,o69,294,#a6cee3
580,o74,294,#a6cee3
581,o71,294,#a6cee3
582,o63,294,#a6cee3
583,o72,294,#a6cee3
584,o52,294,#a6cee3
585,o73,294,#a6cee3
586,o70,294,#a6cee3
587,o76,294,#a6cee3
588,o50,300,#a6cee3
589,o75,300,#a6cee3
590,o67,300,#a6cee3
591,o60,300,#a6cee3
592,o40,300,#a6cee3
593,o81,300,#a6cee3
594,o77,300,#a6cee3
595,o74,300,#a6cee3
596,o71,300,#a6cee3
597,o79,300,#a6cee3
598,o63,300,#a6cee3
599,o72,300,#a6cee3
600,o52,300,#a6cee3
601,o73,300,#a6cee3
602,o78,300,#a6cee3
603,o70,300,#a6cee3
604,o76,300,#a6cee3
605,o50,306,#a6cee3
606,o75,306,#a6cee3
607,o67,306,#a6cee3
608,o60,306,#a6cee3
609,o40,306,#a6cee3
610,o81,306,#a6cee3
611,o77,306,#a6cee3
612,o83,306,#a6cee3
613,o74,306,#a6cee3
614,o82,306,#a6cee3
615,o71,306,#a6cee3
616,o79,306,#a6cee3
617,o72,306,#a6cee3
618,o52,306,#a6cee3
619,o73,306,#a6cee3
620,o78,306,#a6cee3
621,o70,306,#a6cee3
622,o76,306,#a6cee3
623,o50,312,#a6cee3
624,o75,312,#a6cee3
625,o67,312,#a6cee3
626,o60,312,#a6cee3
627,o81,312,#a6cee3
628,o77,312,#a6cee3
629,o83,312,#a6cee3
630,o74,312,#a6cee3
631,o82,312,#a6cee3
632,o71,312,#a6cee3
633,o79,312,#a6cee3
634,o84,312,#a6cee3
635,o72,312,#a6cee3
636,o73,312,#a6cee3
637,o78,312,#a6cee3
638,o70,312,#a6cee3
639,o76,312,#a6cee3
640,o50,318,#a6cee3
641,o75,318,#a6cee3
642,o67,318,#a6cee3
643,o60,318,#a6cee3
644,o81,318,#a6cee3
645,o77,318,#a6cee3
646,o83,318,#a6cee3
647,o74,318,#a6cee3
648,o82,318,#a6cee3
649,o79,318,#a6cee3
650,o84,318,#a6cee3
651,o72,318,#a6cee3
652,o73,318,#a6cee3
653,o78,318,#a6cee3
654,o70,318,#a6cee3
655,o85,318,#a6cee3
656,o76,318,#a6cee3
657,o50,324,#a6cee3
658,o67,324,#a6cee3
659,o60,324,#a6cee3
660,o87,324,#a6cee3
661,o81,324,#a6cee3
662,o77,324,#a6cee3
663,o83,324,#a6cee3
664,o74,324,#a6cee3
665,o82,324,#a6cee3
666,o80,324,#a6cee3
667,o86,324,#a6cee3
668,o79,324,#a6cee3
669,o84,324,#a6cee3
670,o73,324,#a6cee3
671,o78,324,#a6cee3
672,o70,324,#a6cee3
673,o85,324,#a6cee3
674,o76,324,#a6cee3
675,o50,330,#a6cee3
676,o67,330,#a6cee3
677,o60,330,#a6cee3
678,o87,330,#a6cee3
679,o81,330,#a6cee3
680,o83,330,#a6cee3
681,o74,330,#a6cee3
682,o82,330,#a6cee3
683,o80,330,#a6cee3
684,o86,330,#a6cee3
685,o79,330,#a6cee3
686,o84,330,#a6cee3
687,o73,330,#a6cee3
688,o78,330,#a6cee3
689,o70,330,#a6cee3
690,o85,330,#a6cee3
691,o88,330,#a6cee3
692,o76,330,#a6cee3
693,o50,336,#a6cee3
694,o67,336,#a6cee3
695,o89,336,#a6cee3
696,o60,336,#a6cee3
697,o87,336,#a6cee3
698,o81,336,#a6cee3
699,o83,336,#a6cee3
700,o74,336,#a6cee3
701,o82,336,#a6cee3
702,o91,336,#a6cee3
703,o80,336,#a6cee3
704,o86,336,#a6cee3
705,o79,336,#a6cee3
706,o84,336,#a6cee3
707,o73,336,#a6cee3
708,o78,336,#a6cee3
709,o70,336,#a6cee3
710,o85,336,#a6cee3
711,o88,336,#a6cee3
712,o76,336,#a6cee3
713,o67,342,#a6cee3
714,o92,342,#a6cee3
715,o89,342,#a6cee3
716,o60,342,#a6cee3
717,o87,342,#a6cee3
718,o81,342,#a6cee3
719,o83,342,#a6cee3
720,o74,342,#a6cee3
721,o82,342,#a6cee3
722,o91,342,#a6cee3
723,o80,342,#a6cee3
724,o86,342,#a6cee3
725,o79,342,#a6cee3
726,o84,342,#a6cee3
727,o73,342,#a6cee3
728,o70,342,#a6cee3
729,o85,342,#a6cee3
730,o88,342,#a6cee3
731,o76,342,#a6cee3
732,o92,348,#a6cee3
733,o89,348,#a6cee3
734,o60,348,#a6cee3
735,o93,348,#a6cee3
736,o87,348,#a6cee3
737,o81,348,#a6cee3
738,o83,348,#a6cee3
739,o74,348,#a6cee3
740,o94,348,#a6cee3
741,o82,348,#a6cee3
742,o91,348,#a6cee3
743,o80,348,#a6cee3
744,o86,348,#a6cee3
745,o79,348,#a6cee3
746,o84,348,#a6cee3
747,o70,348,#a6cee3
748,o85,348,#a6cee3
749,o88,348,#a6cee3
750,o76,348,#a6cee3
751,o95,354,#a6cee3
752,o92,354,#a6cee3
753,o96,354,#a6cee3
754,o89,354,#a6cee3
755,o60,354,#a6cee3
756,o93,354,#a6cee3
757,o87,354,#a6cee3
758,o81,354,#a6cee3
759,o83,354,#a6cee3
760,o74,354,#a6cee3
761,o94,354,#a6cee3
762,o82,354,#a6cee3
763,o91,354,#a6cee3
764,o80,354,#a6cee3
765,o86,354,#a6cee3
766,o79,354,#a6cee3
767,o84,354,#a6cee3
768,o70,354,#a6cee3
769,o85,354,#a6cee3
770,o88,354,#a6cee3
771,o76,354,#a6cee3
772,o90,360,#a6cee3
773,o95,360,#a6cee3
774,o92,360,#a6cee3
775,o96,360,#a6cee3
776,o89,360,#a6cee3
777,o60,360,#a6cee3
778,o93,360,#a6cee3
779,o87,360,#a6cee3
780,o74,360,#a6cee3
781,o94,360,#a6cee3
782,o91,360,#a6cee3
783,o80,360,#a6cee3
784,o86,360,#a6cee3
785,o79,360,#a6cee3
786,o84,360,#a6cee3
787,o70,360,#a6cee3
788,o85,360,#a6cee3
789,o88,360,#a6cee3
790,o76,360,#a6cee3
791,o90,366,#a6cee3
792,o95,366,#a6cee3
793,o92,366,#a6cee3
794,o96,366,#a6cee3
795,o89,366,#a6cee3
796,o98,366,#a6cee3
797,o93,366,#a6cee3
798,o97,366,#a6cee3
799,o87,366,#a6cee3
800,o99,366,#a6cee3
801,o74,366,#a6cee3
802,o94,366,#a6cee3
803,o91,366,#a6cee3
804,o80,366,#a6cee3
805,o86,366,#a6cee3
806,o79,366,#a6cee3
807,o70,366,#a6cee3
808,o88,366,#a6cee3
809,o90,372,#a6cee3
810,o95,372,#a6cee3
811,o92,372,#a6cee3
812,o96,372,#a6cee3
813,o89,372,#a6cee3
814,o101,372,#a6cee3
815,o98,372,#a6cee3
816,o93,372,#a6cee3
817,o97,372,#a6cee3
818,o99,372,#a6cee3
819,o74,372,#a6cee3
820,o94,372,#a6cee3
821,o91,372,#a6cee3
822,o80,372,#a6cee3
823,o79,372,#a6cee3
824,o70,372,#a6cee3
825,o88,372,#a6cee3
826,o90,378,#a6cee3
827,o95,378,#a6cee3
828,o92,378,#a6cee3
829,o96,378,#a6cee3
830,o101,378,#a6cee3
831,o98,378,#a6cee3
832,o93,378,#a6cee3
833,o97,378,#a6cee3
834,o99,378,#a6cee3
835,o74,378,#a6cee3
836,o94,378,#a6cee3
837,o91,378,#a6cee3
838,o80,378,#a6cee3
839,o70,378,#a6cee3
840,o102,378,#a6cee3
841,o90,384,#a6cee3
842,o95,384,#a6cee3
843,o92,384,#a6cee3
844,o96,384,#a6cee3
845,o101,384,#a6cee3
846,o98,384,#a6cee3
847,o93,384,#a6cee3
848,o97,384,#a6cee3
849,o99,384,#a6cee3
850,o74,384,#a6cee3
851,o94,384,#a6cee3
852,o103,384,#a6cee3
853,o91,384,#a6cee3
854,o80,384,#a6cee3
855,o70,384,#a6cee3
856,o102,384,#a6cee3
857,o90,390,#a6cee3
858,o105,390,#a6cee3
859,o95,390,#a6cee3
860,o92,390,#a6cee3
861,o96,390,#a6cee3
862,o101,390,#a6cee3
863,o98,390,#a6cee3
864,o93,390,#a6cee3
865,o97,390,#a6cee3
866,o99,390,#a6cee3
867,o94,390,#a6cee3
868,o104,390,#a6cee3
869,o103,390,#a6cee3
870,o106,390,#a6cee3
871,o91,390,#a6cee3
872,o80,390,#a6cee3
873,o107,390,#a6cee3
874,o70,390,#a6cee3
875,o102,390,#a6cee3
876,o100,396,#a6cee3
877,o90,396,#a6cee3
878,o105,396,#a6cee3
879,o95,396,#a6cee3
880,o101,396,#a6cee3
881,o98,396,#a6cee3
882,o108,396,#a6cee3
883,o97,396,#a6cee3
884,o109,396,#a6cee3
885,o99,396,#a6cee3
886,o104,396,#a6cee3
887,o103,396,#a6cee3
888,o106,396,#a6cee3
889,o91,396,#a6cee3
890,o80,396,#a6cee3
891,o107,396,#a6cee3
892,o70,396,#a6cee3
893,o102,396,#a6cee3
894,o100,402,#a6cee3
895,o90,402,#a6cee3
896,o105,402,#a6cee3
897,o101,402,#a6cee3
898,o108,402,#a6cee3
899,o109,402,#a6cee3
900,o104,402,#a6cee3
901,o103,402,#a6cee3
902,o106,402,#a6cee3
903,o91,402,#a6cee3
904,o80,402,#a6cee3
905,o107,402,#a6cee3
906,o70,402,#a6cee3
907,o102,402,#a6cee3
908,o100,408,#a6cee3
909,o90,408,#a6cee3
910,o105,408,#a6cee3
911,o101,408,#a6cee3
912,o111,408,#a6cee3
913,o108,408,#a6cee3
914,o109,408,#a6cee3
915,o104,408,#a6cee3
916,o103,408,#a6cee3
917,o106,408,#a6cee3
918,o91,408,#a6cee3
919,o80,408,#a6cee3
920,o107,408,#a6cee3
921,o70,408,#a6cee3
922,o102,408,#a6cee3
923,o100,414,#a6cee3
924,o90,414,#a6cee3
925,o105,414,#a6cee3
926,o101,414,#a6cee3
927,o111,414,#a6cee3
928,o108,414,#a6cee3
929,o109,414,#a6cee3
930,o104,414,#a6cee3
931,o103,414,#a6cee3
932,o112,414,#a6cee3
933,o106,414,#a6cee3
934,o91,414,#a6cee3
935,o80,414,#a6cee3
936,o113,414,#a6cee3
937,o107,414,#a6cee3
938,o70,414,#a6cee3
939,o102,414,#a6cee3
940,o100,420,#a6cee3
941,o90,420,#a6cee3
942,o105,420,#a6cee3
943,o115,420,#a6cee3
944,o101,420,#a6cee3
945,o111,420,#a6cee3
946,o108,420,#a6cee3
947,o109,420,#a6cee3
948,o104,420,#a6cee3
949,o112,420,#a6cee3
950,o106,420,#a6cee3
951,o80,420,#a6cee3
952,o113,420,#a6cee3
953,o107,420,#a6cee3
954,o114,420,#a6cee3
955,o70,420,#a6cee3
956,o100,426,#a6cee3
957,o90,426,#a6cee3
958,o105,426,#a6cee3
959,o115,426,#a6cee3
960,o101,426,#a6cee3
961,o111,426,#a6cee3
962,o108,426,#a6cee3
963,o116,426,#a6cee3
964,o109,426,#a6cee3
965,o112,426,#a6cee3
966,o106,426,#a6cee3
967,o80,426,#a6cee3
968,o113,426,#a6cee3
969,o110,426,#a6cee3
970,o107,426,#a6cee3
971,o114,426,#a6cee3
972,o70,426,#a6cee3
973,o100,432,#a6cee3
974,o90,432,#a6cee3
975,o115,432,#a6cee3
976,o101,432,#a6cee3
977,o111,432,#a6cee3
978,o116,432,#a6cee3
979,o109,432,#a6cee3
980,o112,432,#a6cee3
981,o106,432,#a6cee3
982,o80,432,#a6cee3
983,o113,432,#a6cee3
984,o110,432,#a6cee3
985,o114,432,#a6cee3
986,o70,432,#a6cee3
987,o100,438,#a6cee3
988,o90,438,#a6cee3
989,o115,438,#a6cee3
990,o117,438,#a6cee3
991,o101,438,#a6cee3
992,o111,438,#a6cee3
993,o116,438,#a6cee3
994,o112,438,#a6cee3
995,o106,438,#a6cee3
996,o80,438,#a6cee3
997,o113,438,#a6cee3
998,o110,438,#a6cee3
999,o114,438,#a6cee3
1000,o118,438,#a6cee3
1001,o100,444,#a6cee3
1002,o90,444,#a6cee3
1003,o115,444,#a6cee3
1004,o117,444,#a6cee3
1005,o101,444,#a6cee3
1006,o111,444,#a6cee3
1007,o121,444,#a6cee3
1008,o116,444,#a6cee3
1009,o122,444,#a6cee3
1010,o112,444,#a6cee3
1011,o106,444,#a6cee3
1012,o80,444,#a6cee3
1013,o113,444,#a6cee3
1014,o110,444,#a6cee3
1015,o119,444,#a6cee3
1016,o114,444,#a6cee3
1017,o118,444,#a6cee3
1018,o100,450,#a6cee3
1019,o90,450,#a6cee3
1020,o115,450,#a6cee3
1021,o117,450,#a6cee3
1022,o111,450,#a6cee3
1023,o123,450,#a6cee3
1024,o121,450,#a6cee3
1025,o116,450,#a6cee3
1026,o122,450,#a6cee3
1027,o112,450,#a6cee3
1028,o80,450,#a6cee3
1029,o110,450,#a6cee3
1030,o119,450,#a6cee3
1031,o114,450,#a6cee3
1032,o118,450,#a6cee3
1033,o124,456,#a6cee3
1034,o100,456,#a6cee3
1035,o115,456,#a6cee3
1036,o117,456,#a6cee3
1037,o127,456,#a6cee3
1038,o123,456,#a6cee3
1039,o121,456,#a6cee3
1040,o116,456,#a6cee3
1041,o122,456,#a6cee3
1042,o126,456,#a6cee3
1043,o110,456,#a6cee3
1044,o119,456,#a6cee3
1045,o118,456,#a6cee3
1046,o125,456,#a6cee3
1047,o124,462,#a6cee3
1048,o100,462,#a6cee3
1049,o117,462,#a6cee3
1050,o127,462,#a6cee3
1051,o123,462,#a6cee3
1052,o121,462,#a6cee3
1053,o116,462,#a6cee3
1054,o122,462,#a6cee3
1055,o129,462,#a6cee3
1056,o126,462,#a6cee3
1057,o110,462,#a6cee3
1058,o119,462,#a6cee3
1059,o128,462,#a6cee3
1060,o118,462,#a6cee3
1061,o125,462,#a6cee3
1062,o124,468,#a6cee3
1063,o100,468,#a6cee3
1064,o117,468,#a6cee3
1065,o127,468,#a6cee3
1066,o123,468,#a6cee3
1067,o121,468,#a6cee3
1068,o122,468,#a6cee3
1069,o129,468,#a6cee3
1070,o126,468,#a6cee3
1071,o110,468,#a6cee3
1072,o128,468,#a6cee3
1073,o118,468,#a6cee3
1074,o125,468,#a6cee3
1075,o124,474,#a6cee3
1076,o100,474,#a6cee3
1077,o127,474,#a6cee3
1078,o123,474,#a6cee3
1079,o121,474,#a6cee3
1080,o122,474,#a6cee3
1081,o129,474,#a6cee3
1082,o126,474,#a6cee3
1083,o110,474,#a6cee3
1084,o128,474,#a6cee3
1085,o125,474,#a6cee3
1086,o131,480,#a6cee3
1087,o124,480,#a6cee3
1088,o100,480,#a6cee3
1089,o132,480,#a6cee3
1090,o127,480,#a6cee3
1091,o123,480,#a6cee3
1092,o121,480,#a6cee3
1093,o133,480,#a6cee3
1094,o122,480,#a6cee3
1095,o129,480,#a6cee3
1096,o126,480,#a6cee3
1097,o110,480,#a6cee3
1098,o128,480,#a6cee3
1099,o125,480,#a6cee3
1100,o131,486,#a6cee3
1101,o124,486,#a6cee3
1102,o100,486,#a6cee3
1103,o132,486,#a6cee3
1104,o134,486,#a6cee3
1105,o127,486,#a6cee3
1106,o123,486,#a6cee3
1107,o121,486,#a6cee3
1108,o133,486,#a6cee3
1109,o135,486,#a6cee3
1110,o129,486,#a6cee3
1111,o126,486,#a6cee3
1112,o110,486,#a6cee3
1113,o128,486,#a6cee3
1114,o125,486,#a6cee3
1115,o131,492,#a6cee3
1116,o124,492,#a6cee3
1117,o100,492,#a6cee3
1118,o132,492,#a6cee3
1119,o134,492,#a6cee3
1120,o127,492,#a6cee3
1121,o136,492,#a6cee3
1122,o133,492,#a6cee3
1123,o135,492,#a6cee3
1124,o129,492,#a6cee3
1125,o137,492,#a6cee3
1126,o126,492,#a6cee3
1127,o110,492,#a6cee3
1128,o128,492,#a6cee3
1129,o125,492,#a6cee3
1130,o131,498,#a6cee3
1131,o124,498,#a6cee3
1132,o100,498,#a6cee3
1133,o132,498,#a6cee3
1134,o134,498,#a6cee3
1135,o138,498,#a6cee3
1136,o136,498,#a6cee3
1137,o133,498,#a6cee3
1138,o135,498,#a6cee3
1139,o137,498,#a6cee3
1140,o110,498,#a6cee3
1141,o128,498,#a6cee3
1142,o131,504,#a6cee3
1143,o124,504,#a6cee3
1144,o100,504,#a6cee3
1145,o132,504,#a6cee3
1146,o134,504,#a6cee3
1147,o138,504,#a6cee3
1148,o136,504,#a6cee3
1149,o133,504,#a6cee3
1150,o135,504,#a6cee3
1151,o139,504,#a6cee3
1152,o137,504,#a6cee3
1153,o110,504,#a6cee3
1154,o131,510,#a6cee3
1155,o124,510,#a6cee3
1156,o132,510,#a6cee3
1157,o134,510,#a6cee3
1158,o138,510,#a6cee3
1159,o136,510,#a6cee3
1160,o133,510,#a6cee3
1161,o135,510,#a6cee3
1162,o142,510,#a6cee3
1163,o139,510,#a6cee3
1164,o137,510,#a6cee3
1165,o110,510,#a6cee3
1166,o124,516,#a6cee3
1167,o138,516,#a6cee3
1168,o136,516,#a6cee3
1169,o143,516,#a6cee3
1170,o133,516,#a6cee3
1171,o135,516,#a6cee3
1172,o142,516,#a6cee3
1173,o145,516,#a6cee3
1174,o139,516,#a6cee3
1175,o137,516,#a6cee3
1176,o110,516,#a6cee3
1177,o144,516,#a6cee3
1178,o124,522,#a6cee3
1179,o138,522,#a6cee3
1180,o136,522,#a6cee3
1181,o143,522,#a6cee3
1182,o133,522,#a6cee3
1183,o135,522,#a6cee3
1184,o142,522,#a6cee3
1185,o145,522,#a6cee3
1186,o139,522,#a6cee3
1187,o137,522,#a6cee3
1188,o110,522,#a6cee3
1189,o146,522,#a6cee3
1190,o144,522,#a6cee3
1191,o124,528,#a6cee3
1192,o138,528,#a6cee3
1193,o143,528,#a6cee3
1194,o133,528,#a6cee3
1195,o142,528,#a6cee3
1196,o145,528,#a6cee3
1197,o139,528,#a6cee3
1198,o146,528,#a6cee3
1199,o144,528,#a6cee3
1200,o124,534,#a6cee3
1201,o143,534,#a6cee3
1202,o133,534,#a6cee3
1203,o142,534,#a6cee3
1204,o145,534,#a6cee3
1205,o139,534,#a6cee3
1206,o146,534,#a6cee3
1207,o144,534,#a6cee3
1208,o149,540,#a6cee3
1209,o143,540,#a6cee3
1210,o133,540,#a6cee3
1211,o147,540,#a6cee3
1212,o142,540,#a6cee3
1213,o145,540,#a6cee3
1214,o148,540,#a6cee3
1215,o146,540,#a6cee3
1216,o144,540,#a6cee3
1217,o149,546,#a6cee3
1218,o143,546,#a6cee3
1219,o147,546,#a6cee3
1220,o142,546,#a6cee3
1221,o145,546,#a6cee3
1222,o148,546,#a6cee3
1223,o146,546,#a6cee3
1224,o144,546,#a6cee3
1225,o149,552,#a6cee3
1226,o147,552,#a6cee3
1227,o142,552,#a6cee3
1228,o145,552,#a6cee3
1229,o148,552,#a6cee3
1230,o146,552,#a6cee3
1231,o144,552,#a6cee3
83,o10,144,#444444
100,o10,168,#444444
143,o20,216,#444444
133,o30,216,#444444
165,o30,240,#444444
195,o40,288,#444444
213,o52,288,#444444
226,o50,312,#444444
241,o50,336,#444444
253,o60,336,#444444
244,o67,336,#444444
289,o60,360,#444444
286,o74,360,#444444
284,o76,360,#444444
313,o74,384,#444444
342,o70,408,#444444
365,o70,432,#444444
364,o80,432,#444444
354,o90,432,#444444
416,o100,480,#444444
430,o100,504,#444444
432,o110,504,#444444
459,o124,528,#444444
